{
  "zickzack.v1": {
    "sounds": [
      {
        "name": "bastighgjirotimo:bastiintros/zickzackv1"
      }
    ]
  },
  "zickzack.v2": {
    "sounds": [
      {
        "name": "bastighgjirotimo:bastiintros/zickzackv2"
      }
    ]
  },
  "zickzack.v3": {
    "sounds": [
      {
        "name": "bastighgjirotimo:bastiintros/zickzackv3"
      }
    ]
  },
  "zickzack.v4": {
    "sounds": [
      {
        "name": "bastighgjirotimo:bastiintros/zickzackv4"
      }
    ]
  },
  "zickzack.v5": {
    "sounds": [
      {
        "name": "bastighgjirotimo:bastiintros/zickzackv5"
      }
    ]
  },
  "zickzack.1mio": {
    "sounds": [
      {
        "name": "bastighgjirotimo:bastiintros/zickzack1mio"
      }
    ]
  },
  "zickzack.1p5mio": {
    "sounds": [
      {
        "name": "bastighgjirotimo:bastiintros/zickzack1.5mio"
      }
    ]
  },
  "zickzack.2mio": {
    "sounds": [
      {
        "name": "bastighgjirotimo:bastiintros/zickzack2mio"
      }
    ]
  }
}