{
  "zickzackv1": {
    "sounds": [
      {
        "name": "bastighgjirotimo:bastiintros/zickzackv1"
      }
    ]
  },
  "zickzackv2": {
    "sounds": [
      {
        "name": "bastighgjirotimo:bastiintros/zickzackv2"
      }
    ]
  },
  "zickzackv3": {
    "sounds": [
      {
        "name": "bastighgjirotimo:bastiintros/zickzackv3"
      }
    ]
  },
  "zickzackv4": {
    "sounds": [
      {
        "name": "bastighgjirotimo:bastiintros/zickzackv4"
      }
    ]
  },
  "zickzackv5": {
    "sounds": [
      {
        "name": "bastighgjirotimo:bastiintros/zickzackv5"
      }
    ]
  },
  "zickzack1mio": {
    "sounds": [
      {
        "name": "bastighgjirotimo:bastiintros/zickzack1mio"
      }
    ]
  },
  "zickzack1.5mio": {
    "sounds": [
      {
        "name": "bastighgjirotimo:bastiintros/zickzack1.5mio"
      }
    ]
  },
  "zickzack2mio": {
    "sounds": [
      {
        "name": "bastighgjirotimo:bastiintros/zickzack2mio"
      }
    ]
  }
}