{
  "bastighg.intros.zickzack.v1": {
    "sounds": [
      {
        "name": "jirotimosounds:custom/bastighg/intros/zickzackv1"
      }
    ]
  },
  "bastighg.intros.zickzack.v2": {
    "sounds": [
      {
        "name": "jirotimosounds:custom/bastighg/intros/zickzackv2"
      }
    ]
  },
  "bastighg.intros.zickzack.v3": {
    "sounds": [
      {
        "name": "jirotimosounds:custom/bastighg/intros/zickzackv3"
      }
    ]
  },
  "bastighg.intros.zickzack.v4": {
    "sounds": [
      {
        "name": "jirotimosounds:custom/bastighg/intros/zickzackv4"
      }
    ]
  },
  "bastighg.intros.zickzack.v5": {
    "sounds": [
      {
        "name": "jirotimosounds:custom/bastighg/intros/zickzackv5"
      }
    ]
  },
  "bastighg.intros.zickzack.1mio": {
    "sounds": [
      {
        "name": "jirotimosounds:custom/bastighg/intros/zickzack1mio"
      }
    ]
  },
  "bastighg.intros.zickzack.1p5mio": {
    "sounds": [
      {
        "name": "jirotimosounds:custom/bastighg/intros/zickzack1p5mio"
      }
    ]
  },
  "bastighg.intros.zickzack.2mio": {
    "sounds": [
      {
        "name": "jirotimosounds:custom/bastighg/intros/zickzack2mio"
      }
    ]
  }
}